[{
  "name": "Power Beam",
  "type": "toggle",
  "loop": true,
  "initial_active_state": true,
  "img": "images/alignment.png",
  "codes": "beam,powerbeam,power"
}, {
  "name": "Wave Beam",
  "type": "toggle",
  "loop": true,
  "img": "images/alignment.png",
  "codes": "beam,wavebeam,wave"
}, {
  "name": "Ice Beam",
  "type": "toggle",
  "loop": true,
  "img": "images/alignment.png",
  "codes": "beam,icebeam,ice"
}, {
  "name": "Plasma Beam",
  "type": "toggle",
  "loop": true,
  "img": "images/alignment.png",
  "codes": "beam,plasmabeam,plasma"
}, {
  "name": "Super Missile",
  "type": "toggle",
  "loop": true,
  "img": "images/alignment.png",
  "codes": "beamcombo,supermissile,supers"
}, {
  "name": "Wavebuster",
  "type": "toggle",
  "loop": true,
  "img": "images/alignment.png",
  "codes": "beamcombo,wavebuster"
}, {
  "name": "Ice Spreader",
  "type": "toggle",
  "loop": true,
  "img": "images/alignment.png",
  "codes": "beamcombo,icespreader"
}, {
  "name": "Flamethrower",
  "type": "toggle",
  "loop": true,
  "img": "images/alignment.png",
  "codes": "beamcombo,flamethrower,validator"
}, {
  "name": "Combat Visor",
  "type": "toggle",
  "loop": true,
  "initial_active_state": true,
  "img": "images/alignment.png",
  "codes": "visor,combatvisor,combat"
}, {
  "name": "Scan Visor",
  "type": "toggle",
  "loop": true,
  "initial_active_state": true,
  "img": "images/alignment.png",
  "codes": "visor,scanvisor,scan"
}, {
  "name": "Thermal Visor",
  "type": "toggle",
  "loop": true,
  "img": "images/alignment.png",
  "codes": "visor,thermalvisor,thermal"
}, {
  "name": "X-Ray Visor",
  "type": "toggle",
  "loop": true,
  "img": "images/alignment.png",
  "codes": "visor,xrayvisor,xray"
}, {
  "name": "Varia Suit",
  "type": "toggle",
  "loop": true,
  "img": "images/alignment.png",
  "codes": "suit,variasuit,varia"
}, {
  "name": "Gravity Suit",
  "type": "toggle",
  "loop": true,
  "img": "images/alignment.png",
  "codes": "suit,gravitysuit,gravity"
}, {
  "name": "Phazon Suit",
  "type": "toggle",
  "loop": true,
  "img": "images/alignment.png",
  "codes": "suit,phazonsuit,phazon"
}, {
  "name": "Morph Ball",
  "type": "toggle",
  "loop": true,
  "img": "images/alignment.png",
  "codes": "morphball,morph"
}, {
  "name": "Morph Ball Bomb",
  "type": "toggle",
  "loop": true,
  "img": "images/alignment.png",
  "codes": "morphballbomb,bombs,bomb"
}, {
  "name": "Power Bomb",
  "type": "toggle",
  "loop": true,
  "img": "images/alignment.png",
  "codes": "powerbomb,pbs,pb"
}, {
  "name": "Boost Ball",
  "type": "toggle",
  "loop": true,
  "img": "images/alignment.png",
  "codes": "boostball,boost,pb"
}, {
  "name": "Spider Ball",
  "type": "toggle",
  "loop": true,
  "img": "images/alignment.png",
  "codes": "spiderball,spider,spiderbeam"
}, {
  "name": "Charge Beam",
  "type": "toggle",
  "loop": true,
  "img": "images/alignment.png",
  "codes": "chargebeam,charge"
}, {
  "name": "Grapple Beam",
  "type": "toggle",
  "loop": true,
  "img": "images/alignment.png",
  "codes": "grapplebeam,grapple,useless"
}, {
  "name": "Space Jump Boots",
  "type": "toggle",
  "loop": true,
  "img": "images/alignment.png",
  "codes": "spacejumpboots,spacejump,sj,hijump,spinboost"
}, {
  "name": "Missile Launcher",
  "type": "toggle",
  "loop": true,
  "img": "images/alignment.png",
  "codes": "missilelauncher,missiles,missile"
}, {
  "name": "Energy Tank",
  "type": "consumable",
  "initial_quantity": 0,
  "min_quantity": 0,
  "max_quantity": 14,
  "img": "images/alignment.png",
  "codes": "energytank,etank,energy,e,healthnugget"
}, {
  "name": "Artifacts",
  "type": "progressive",
  "allow_disabled": false,
  "stages": [{
    "img": "images/alignment.png",
    "codes": "artifacts,artifact,artifacts0,zeroarifcats,noartifacts"
  }, {
    "img": "images/alignment.png",
    "codes": "artifacts,artifact,artifacts1,oneartifacts,oneartifact"
  }, {
    "img": "images/alignment.png",
    "codes": "artifacts,artifact,artifacts2,twoartifacts"
  }, {
    "img": "images/alignment.png",
    "codes": "artifacts,artifact,artifacts3,threeartifacts"
  }, {
    "img": "images/alignment.png",
    "codes": "artifacts,artifact,artifacts4,fourartifacts"
  }, {
    "img": "images/alignment.png",
    "codes": "artifacts,artifact,artifacts5,fiveartifacts"
  }, {
    "img": "images/alignment.png",
    "codes": "artifacts,artifact,artifacts6,sixartifacts"
  }, {
    "img": "images/alignment.png",
    "codes": "artifacts,artifact,artifacts7,sevenartifacts"
  }, {
    "img": "images/alignment.png",
    "codes": "artifacts,artifact,artifacts8,eightartifacts"
  }, {
    "img": "images/alignment.png",
    "codes": "artifacts,artifact,artifacts9,nineartifacts"
  }, {
    "img": "images/alignment.png",
    "codes": "artifacts,artifact,artifacts10,tenartifacts"
  }, {
    "img": "images/alignment.png",
    "codes": "artifacts,artifact,artifacts11,elevenartifacts"
  }, {
    "img": "images/alignment.png",
    "codes": "artifacts,artifact,artifacts12,twelveartifacts"
  }]
}, {
  "name": "Go Mode",
  "type": "toggle",
  "ignore_user_input": true,
  "img": "images/alignment.png",
  "codes": "gomode,go"
}]
