{
  "setting_goal_total_artifacts": {
    "type": "array",
    "orientation": "horizontal",
    "content": [{
      "type": "image",
      "h_alignment": "left",
      "margin": "2",
      "width": 24,
      "height": 24,
      "image": "images/artifacts0.png"
    }, {
      "type": "image",
      "margin": "6,2,2,2",
      "width": 200,
      "height": 24,
      "image": "images/labels/totalartifacts.png"
    }, {
      "type": "item",
      "h_alignment": "right",
      "margin": "2",
      "width": 24,
      "height": 24,
      "item": "setting_goal_total_artifacts"
    }]
  }
}
