{
  "tracker_artifacts": {
    "type": "array",
    "orientation": "vertical",
    "margin": "-10,0,0,0",
    "content": [{
      "type": "itemgrid",
      "h_alignment": "left",
      "item_margin": "2",
      "item_height": 124,
      "item_width": 124,
      "rows": [
        ["artifacts"]
      ]
    }, {
      "type": "array",
      "orientation": "vertical",
      "margin": "0,-10,0,0",
      "content": [{
        "type": "itemgrid",
        "h_alignment": "center",
        "item_margin": "2",
        "item_height": 60,
        "item_width": 120,
        "rows": [
          ["gomode"]
        ]
      }]
    }]
  }
}
