{
  "tracker_shared_horizontal": {
    "type": "array",
    "orientation": "horizontal",
    "width": 648,
    "height": 200,
    "margin": "6",
    "content": [{
      "type": "itemgrid",
      "h_alignment": "left",
      "item_margin": "2",
      "item_height": 60,
      "item_width": 60,
      "rows": [
        ["powerbeam", "wavebeam", "icebeam", "plasmabeam", "morphball", "boostball", "spiderball", "morphballbomb"],
        ["combatvisor", "scanvisor", "thermalvisor", "xrayvisor", "variasuit", "gravitysuit", "phazonsuit", "powerbomb"],
        ["supermissile", "wavebuster", "icespreader", "flamethrower", "missilelauncher", "chargebeam", "spacejumpboots", "grapplebeam"]
      ]
    }, {
      "type": "layout",
      "key": "tracker_artifacts"
    }]
  }
}
